{
  "project_info": {
    "project_number": "1055727167067",
    "firebase_url": "https://flipr-task007.firebaseio.com",
    "project_id": "flipr-task007",
    "storage_bucket": "flipr-task007.appspot.com"
  },
  "client": [
    {
      "client_info": {
        "mobilesdk_app_id": "1:1055727167067:android:be4b0155fb293365eac17e",
        "android_client_info": {
          "package_name": "com.example.flipr_task"
        }
      },
      "oauth_client": [
        {
          "client_id": "1055727167067-70fm8eigcron0svdlbqk9vhbd0349ng6.apps.googleusercontent.com",
          "client_type": 3
        }
      ],
      "api_key": [
        {
          "current_key": "AIzaSyBTpw824zyfdqb70P_QvhRYnojAGwTUL50"
        }
      ],
      "services": {
        "appinvite_service": {
          "other_platform_oauth_client": [
            {
              "client_id": "1055727167067-70fm8eigcron0svdlbqk9vhbd0349ng6.apps.googleusercontent.com",
              "client_type": 3
            }
          ]
        }
      }
    }
  ],
  "configuration_version": "1"
}